,sequence,v_gene,j_gene
0,TGTGCAAGCAGCTTAGAAGACACCCAGTACTTT,TRBV16*01,TRBJ2-5*01
1,TGTGCAAGCAGCTTAGACAGTCAAAACACCTTGTACTTT,TRBV16*01,TRBJ2-4*01
2,TGTGCCAGCAGCTTGACAGATTCTGGAAATACGCTCTATTTT,TRBV4*01,TRBJ1-3*01
3,TGTGCAAGCAGCTTAGATGCTGAGCAGTTCTTC,TRBV16*01,TRBJ2-1*01
4,TGTGCCAGCAGCCCGAGCTCCTATGAACAGTACTTC,TRBV3*01,TRBJ2-7*01
5,TGTGCCAGCAGTCGGGACAACTATGCTGAGCAGTTCTTC,TRBV26*01,TRBJ2-1*01
6,TGTGCAAGCAGCTTAGATAGTCAAAACACCTTGTACTTT,TRBV16*01,TRBJ2-4*01
7,TGTGCAAGCAGCTTAGATGAACAGTACTTC,TRBV16*01,TRBJ2-7*01
8,TGTGCCAGCAGCCCCAGCTCCTATGAACAGTACTTC,TRBV3*01,TRBJ2-7*01
9,TGTGCCAGCAGCCGGGACAGCTATGCTGAGCAGTTCTTC,TRBV15*01,TRBJ2-1*01
10,TGCACCTGCAGTGCAGATGCTGAGCAGTTCTTC,TRBV1*01,TRBJ2-1*01
11,TGTGCAAGCAGCTTAGATTATGAACAGTACTTC,TRBV16*01,TRBJ2-7*01
12,TGTGCAAGCAGCTTAGGAGACACCCAGTACTTT,TRBV16*01,TRBJ2-5*01
13,TGTGCCAGCAGCTTTAACCAAGACACCCAGTACTTT,TRBV4*01,TRBJ2-5*01
14,TGTGCCAGCAGTAGTGCAGAAACGCTGTATTTT,TRBV19*01,TRBJ2-3*01
15,TGTGCCAGCAGCTTTAGTCAAAACACCTTGTACTTT,TRBV4*01,TRBJ2-4*01
16,TGTGCCAGCAGCCAAGACAATTCTGGAAATACGCTCTATTTT,TRBV5*01,TRBJ1-3*01
17,TGTGCCAGCAGTGACAGTGCAGAAACGCTGTATTTT,TRBV13-1*01,TRBJ2-3*01
18,TGTGCCAGCAGTCGGGACAGTGCAGAAACGCTGTATTTT,TRBV14*01,TRBJ2-3*01
19,TGTGCCAGCAGCTTCCAAGACACCCAGTACTTT,TRBV3*01,TRBJ2-5*01
20,TGTGCCAGCAGCCGGGACAACTATGCTGAGCAGTTCTTC,TRBV26*01,TRBJ2-1*01
21,TGTGCCAGCAGCCAAGACTGGGGGAACTATGCTGAGCAGTTCTTC,TRBV5*01,TRBJ2-1*01
22,TGTGCCAGCAGTTTCAACTATGCTGAGCAGTTCTTC,TRBV14*01,TRBJ2-1*01
23,TGTGCCAGCAGTCGGGACAGCTCCTATGAACAGTACTTC,TRBV3*01,TRBJ2-7*01
24,TGTGCCAGCAGTCGACAGGCAAACTCCGACTACACCTTC,TRBV14*01,TRBJ1-2*01
25,TGTGCCAGCAGTCGGGACAACTATGAACAGTACTTC,TRBV14*01,TRBJ2-7*01
26,TGTGCAAGCAGCTTAGATGACACCCAGTACTTT,TRBV16*01,TRBJ2-5*01
27,TGTGCCAGCAGCCAAGACAGTGCAGAAACGCTGTATTTT,TRBV2*01,TRBJ2-3*01
28,TGTGCAAGCAGCTTAGATGACACCTTGTACTTT,TRBV16*01,TRBJ2-4*01
29,TGTGCCAGCAGCTACTCCTATGAACAGTACTTC,TRBV4*01,TRBJ2-7*01
30,TGTGCCAGCAGTTTAGACAGTGCAGAAACGCTGTATTTT,TRBV15*01,TRBJ2-3*01
31,TGTGCCAGCAGTGCAGAAACGCTGTATTTT,TRBV19*01,TRBJ2-3*01
32,TGTGCCAGCAGTTTAAACTATGCTGAGCAGTTCTTC,TRBV14*01,TRBJ2-1*01
33,TGTGCCAGCAGCCCTAGCTCCTATGAACAGTACTTC,TRBV12-2*01,TRBJ2-7*01
34,TGTGCCAGCAGCCTGGACAGTGCAGAAACGCTGTATTTT,TRBV14*01,TRBJ2-3*01
35,TGTGCCAGCAGTTTAGACAACTATGCTGAGCAGTTCTTC,TRBV14*01,TRBJ2-1*01
36,TGTGCAAGCAGCTTAGAAAACACCTTGTACTTT,TRBV16*01,TRBJ2-4*01
37,TGTGCAAGCAGCTTAGACACCGGGCAGCTCTACTTT,TRBV16*01,TRBJ2-2*01
38,TGTGCAAGCAGCTTAGGTCAAAACACCTTGTACTTT,TRBV16*01,TRBJ2-4*01
39,TGTGCCAGCAGCCGGGACAGTGCAGAAACGCTGTATTTT,TRBV5*01,TRBJ2-3*01
40,TGCACCTGCAGTGCAGATCAAAACACCTTGTACTTT,TRBV1*01,TRBJ2-4*01
41,TGTGCCAGCAGCTCCTATGAACAGTACTTC,TRBV4*01,TRBJ2-7*01
42,TGTGCAAGCAGCTTAGATGGTGCAGAAACGCTGTATTTT,TRBV16*01,TRBJ2-3*01
43,TGTGCCAGCAGCCGGGACAACCAAGACACCCAGTACTTT,TRBV14*01,TRBJ2-5*01
44,TGTGCCAGCAGTAGTCAAAACACCTTGTACTTT,TRBV19*01,TRBJ2-4*01
45,TGTGCCAGCAGTTGGGACAGTGCAGAAACGCTGTATTTT,TRBV14*01,TRBJ2-3*01
46,TGTGCAAGCAGCTTAGACAGAAACACAGAAGTCTTCTTT,TRBV16*01,TRBJ1-1*01
47,TGTGCAAGCAGCTTAGAGAGTGCAGAAACGCTGTATTTT,TRBV16*01,TRBJ2-3*01
48,TGTGCCAGCAGCTCTAGTCAAAACACCTTGTACTTT,TRBV4*01,TRBJ2-4*01
49,TGTGCCAGCAGCCAAGACACCCAGTACTTT,TRBV14*01,TRBJ2-5*01
50,TGCACCTGCAGTGCAGATGAAGACACCCAGTACTTT,TRBV1*01,TRBJ2-5*01
51,TGTGCCAGCAGTCCGACAGCAAACTCCGACTACACCTTC,TRBV26*01,TRBJ1-2*01
52,TGTGCCAGCAGCCAAGACTGGGGGAGCTCCTATGAACAGTACTTC,TRBV5*01,TRBJ2-7*01
53,TGTGCCAGCAGTCGGGACAATTCTGGAAATACGCTCTATTTT,TRBV17*01,TRBJ1-3*01
54,TGTGCCAGCAGTCGGGACAGTAGTGCAGAAACGCTGTATTTT,TRBV26*01,TRBJ2-3*01
55,TGTGCCAGCAGTCTGACAACAAACTCCGACTACACCTTC,TRBV24*01,TRBJ1-2*01
56,TGTGCAAGCAGCCGGGACAGTCAAAACACCTTGTACTTT,TRBV16*01,TRBJ2-4*01
57,TGTGCCAGCAGTCCGGGACAGAACACAGAAGTCTTCTTT,TRBV26*01,TRBJ1-1*01
58,TGTGCCAGCAGTTTACAGGCAAACACAGAAGTCTTCTTT,TRBV3*01,TRBJ1-1*01
59,TGTGCCAGCAGTTTAGGGGGGAGCTCCTATGAACAGTACTTC,TRBV14*01,TRBJ2-7*01
60,TGTGCAAGCAGCTTAGAGGGGAGTCAAAACACCTTGTACTTT,TRBV16*01,TRBJ2-4*01
61,TGTGCAAGCAGCTTAGGACAAAACACAGAAGTCTTCTTT,TRBV16*01,TRBJ1-1*01
62,TGTGCCAGCAGCCAAGAAGACACCCAGTACTTT,TRBV5*01,TRBJ2-5*01
63,TGTGCCAGCAGGGACAACTATGCTGAGCAGTTCTTC,TRBV19*01,TRBJ2-1*01
64,TGTGCCAGCAGTTCAGGGAACTCCGACTACACCTTC,TRBV14*01,TRBJ1-2*01
65,TGCACCTGCAGTGCAGGTAACCAAGACACCCAGTACTTT,TRBV1*01,TRBJ2-5*01
66,TGCACCTGCAGTGGGACAGCAAACTCCGACTACACCTTC,TRBV1*01,TRBJ1-2*01
67,TGTGCCAGCAGTCGACAGAACACAGAAGTCTTCTTT,TRBV19*01,TRBJ1-1*01
68,TGTGCCAGCAGTCGGGACAGTCAAAACACCTTGTACTTT,TRBV19*01,TRBJ2-4*01
69,TGTGCCAGCAGCCCTAGTGCAGAAACGCTGTATTTT,TRBV15*01,TRBJ2-3*01
70,TGCACCTGCAGTGGGGACAGTGCAGAAACGCTGTATTTT,TRBV1*01,TRBJ2-3*01
71,TGTGCCAGCAGTCGGGACAATAGTCAAAACACCTTGTACTTT,TRBV14*01,TRBJ2-4*01
72,TGCACCTGCAGTGACAGTGCAGAAACGCTGTATTTT,TRBV1*01,TRBJ2-3*01
73,TGCACCTGCAGTGCAGACAATTCTGGAAATACGCTCTATTTT,TRBV1*01,TRBJ1-3*01
74,TGTGCCAGCAGCCAAGACTGGGGGCAAGACACCCAGTACTTT,TRBV5*01,TRBJ2-5*01
75,TGTGCCAGCAGTTTAAACAGTGCAGAAACGCTGTATTTT,TRBV15*01,TRBJ2-3*01
76,TGTGCAAGCAGCTTAGATGGGGGGCAAGACACCCAGTACTTT,TRBV16*01,TRBJ2-5*01
77,TGTGCCAGCAGCCAAAACACCGGGCAGCTCTACTTT,TRBV5*01,TRBJ2-2*01
78,TGTGCCAGCAGCCAAGACTGGGGGGGCTATGCTGAGCAGTTCTTC,TRBV5*01,TRBJ2-1*01
79,TGTGCCAGCAGCTTTAGTGCAGAAACGCTGTATTTT,TRBV4*01,TRBJ2-3*01
80,TGTGCCAGCGGTGATGAACAGTACTTC,TRBV13-2*01,TRBJ2-7*01
81,TGTGCAAGCAGCTTAGTCCAAGACACCCAGTACTTT,TRBV16*01,TRBJ2-5*01
82,TGTGCCAGCAGCTTCTCCTATGAACAGTACTTC,TRBV4*01,TRBJ2-7*01
83,TGTGCCAGCAGGGACAGTGCAGAAACGCTGTATTTT,TRBV19*01,TRBJ2-3*01
84,TGTGCCAGCAGTTGGGACAGGGATGCTGAGCAGTTCTTC,TRBV15*01,TRBJ2-1*01
85,TGTGCCAGCAGCCCTAGTCAAAACACCTTGTACTTT,TRBV19*01,TRBJ2-4*01
86,TGTGCCAGCAGTCCGGGACAGATTTCCAACGAAAGATTATTTTTC,TRBV14*01,TRBJ1-4*01
87,TGTGCCAGCAGTCTGGACAAATATGAACAGTACTTC,TRBV24*01,TRBJ2-7*01
88,TGTGCAAGCAGCTCCAGCTCCTATGAACAGTACTTC,TRBV16*01,TRBJ2-7*01
89,TGTGCAAGCAGCTTACAGAGCTCCTATGAACAGTACTTC,TRBV16*01,TRBJ2-7*01
90,TGTGCAAGCAGCTTAGAGGGAAACACAGAAGTCTTCTTT,TRBV16*01,TRBJ1-1*01
91,TGTGCAAGCAGCTTAGAGGGTAACCAAGACACCCAGTACTTT,TRBV16*01,TRBJ2-5*01
92,TGTGCCAGCAGCCAAGGGACAACAAACTCCGACTACACCTTC,TRBV5*01,TRBJ1-2*01
93,TGTGCCAGCAGCCCCGGGACAGCAAACACAGAAGTCTTCTTT,TRBV19*01,TRBJ1-1*01
94,TGCACCTGCAGTGCAGATGAGGACACCCAGTACTTT,TRBV1*01,TRBJ2-5*01
95,TGTGCAAGCAGCTCGACAGCAAACTCCGACTACACCTTC,TRBV16*01,TRBJ1-2*01
96,TGTGCAAGCAGCTTAGAGGGTGCTGAGCAGTTCTTC,TRBV16*01,TRBJ2-1*01
97,TGTGCAAGCAGCTTAGGACAGAACACAGAAGTCTTCTTT,TRBV16*01,TRBJ1-1*01
98,TGTGCCAGCAGCCCGGGACAGTATGAACAGTACTTC,TRBV15*01,TRBJ2-7*01
99,TGTGCCAGCAGCTTAGATGCTGAGCAGTTCTTC,TRBV4*01,TRBJ2-1*01
